
SET NAMES utf8mb4;
SET FOREIGN_KEY_CHECKS = 0;

-- ----------------------------
-- Table structure for modules
-- ----------------------------
DROP TABLE IF EXISTS `modules`;
CREATE TABLE `modules`  (
  `id` char(36) CHARACTER SET utf8mb4 COLLATE utf8mb4_general_ci NOT NULL,
  `name` varchar(40) CHARACTER SET utf8mb4 COLLATE utf8mb4_general_ci NULL DEFAULT NULL,
  `version` varchar(16) CHARACTER SET utf8mb4 COLLATE utf8mb4_general_ci NULL DEFAULT NULL,
  `isActive` tinyint UNSIGNED NULL DEFAULT 0,
  `isCore` tinyint UNSIGNED NULL DEFAULT 0,
  PRIMARY KEY (`id`) USING BTREE
) ENGINE = InnoDB CHARACTER SET = utf8mb4 COLLATE = utf8mb4_general_ci ROW_FORMAT = DYNAMIC;

-- ----------------------------
-- Records of modules
-- ----------------------------
INSERT INTO `modules` VALUES ('38a05004-172c-4a06-99cb-2b7808d54fe3', 'Users', '1.0.0', 1, 0);
INSERT INTO `modules` VALUES ('5849be27-f6c0-4b82-b909-19814a053984', 'i18n', '1.0.0', 1, 0);
INSERT INTO `modules` VALUES ('88748bef-695d-435b-a752-8a6e7608c220', 'Modules', '1.0.0', 1, 1);
INSERT INTO `modules` VALUES ('8fa5064f-2d24-4ce1-9cf2-21058f9166a4', 'Authorization', '1.0.0', 1, 0);

-- ----------------------------
-- Table structure for permissions
-- ----------------------------
DROP TABLE IF EXISTS `permissions`;
CREATE TABLE `permissions`  (
  `id` char(36) CHARACTER SET utf8mb4 COLLATE utf8mb4_general_ci NOT NULL,
  `module` varchar(60) CHARACTER SET utf8mb4 COLLATE utf8mb4_general_ci NULL DEFAULT NULL,
  `name` varchar(60) CHARACTER SET utf8mb4 COLLATE utf8mb4_general_ci NULL DEFAULT NULL,
  `action` varchar(15) CHARACTER SET utf8mb4 COLLATE utf8mb4_general_ci NULL DEFAULT NULL,
  `route` varchar(160) CHARACTER SET utf8mb4 COLLATE utf8mb4_general_ci NULL DEFAULT NULL,
  `method` varchar(10) CHARACTER SET utf8mb4 COLLATE utf8mb4_general_ci NULL DEFAULT NULL,
  PRIMARY KEY (`id`) USING BTREE
) ENGINE = InnoDB CHARACTER SET = utf8mb4 COLLATE = utf8mb4_general_ci ROW_FORMAT = DYNAMIC;

-- ----------------------------
-- Records of permissions
-- ----------------------------
INSERT INTO `permissions` VALUES ('05e6c960-6e20-4b69-8bde-87340388f072', 'Authorization', 'UserRoles', 'edit', '/api/authorization/userRoles/assign', 'PUT');
INSERT INTO `permissions` VALUES ('0aad9252-395d-4c18-a6b0-90a7625cf423', 'Authentication', 'FailedLogins', 'list', '/api/authentication/failedLoginUsernames/findAll', 'GET');
INSERT INTO `permissions` VALUES ('10e5a2e3-9c81-44a5-8c4f-4522ef11df5b', 'Users', 'Users', 'delete', '/api/users/delete/:userId', 'DELETE');
INSERT INTO `permissions` VALUES ('119a2ce9-c938-4a59-8ee2-72bf4bead996', 'Authorization', 'Roles', NULL, '/api/authorization/roles/findOneById/:roleId', 'GET');
INSERT INTO `permissions` VALUES ('1fafaa3f-f28c-429f-8dcc-dcc5bac7bc02', 'Categories', 'Categories', 'create', '/api/categories/create', 'POST');
INSERT INTO `permissions` VALUES ('20ac4874-a820-4767-badc-be5b94d196ae', 'Categories', 'Categories', 'delete', '/api/categories/delete/:categoryId', 'DELETE');
INSERT INTO `permissions` VALUES ('2d059610-9351-4d1e-b2e2-035bdc353b64', 'Modules', 'Modules', 'list', '/api/modules/findAllByPaging', 'GET');
INSERT INTO `permissions` VALUES ('2ecb0afa-5802-4a81-92c9-72c311d9fec4', 'Users', 'Users', 'edit', '/api/users/updatePassword/:userId', 'PUT');
INSERT INTO `permissions` VALUES ('383390d1-6d27-40da-949e-048426c6bd83', 'Authentication', 'FailedLogins', 'list', '/api/authentication/failedLoginIps/findAll', 'GET');
INSERT INTO `permissions` VALUES ('4489a158-8d19-4100-adaa-e1de137fc4b3', 'Users', 'Users', 'list', '/api/users/findAllByPaging', 'GET');
INSERT INTO `permissions` VALUES ('496ef5b5-e39d-4ece-baab-82fe18b632c3', 'Modules', 'Modules', 'list', '/api/modules/findAll', 'GET');
INSERT INTO `permissions` VALUES ('4aeaefad-a4bd-4273-9d92-7908471f95b4', 'Modules', 'Modules', 'create', '/api/modules/update/:moduleId', 'PUT');
INSERT INTO `permissions` VALUES ('5401297e-a971-4df2-a550-7cde1455a3e4', 'Authorization', 'Roles', NULL, '/api/authorization/roles/findAll', 'GET');
INSERT INTO `permissions` VALUES ('56075480-5a2a-4597-988b-76fe53eb7eae', 'Authorization', 'Roles', 'create', '/api/authorization/roles/create', 'POST');
INSERT INTO `permissions` VALUES ('5a210c0f-3034-4aa8-a592-dd002cdd4c04', 'Authorization', 'Roles', 'list', '/api/authorization/roles/findAllByPaging', 'GET');
INSERT INTO `permissions` VALUES ('6566781a-267e-46d6-91c7-d92d46c9d501', 'Authorization', 'Permissions', 'list', '/api/authorization/permissions/findAllByPaging', 'GET');
INSERT INTO `permissions` VALUES ('65d2b3ea-f392-4992-b2ef-729d2af8356f', 'Authorization', 'UserRoles', 'list', '/api/authorization/userRoles/findAllByPaging/:roleId', 'GET');
INSERT INTO `permissions` VALUES ('6cb2bea6-2e6f-4135-86e5-e6249779c49a', 'Modules', 'Modules', 'create', '/api/modules/create', 'POST');
INSERT INTO `permissions` VALUES ('7f7320be-7882-4ae4-bdd1-1a577b9fecf8', 'Users', 'My Account', 'list', '/api/users/myAccount/findMe', 'GET');
INSERT INTO `permissions` VALUES ('81a4e936-0ca9-46c0-a4c2-f757ffa9a705', 'Users', 'Users', 'show', '/api/users/findAllByPaging', 'GET');
INSERT INTO `permissions` VALUES ('861aa1d3-fd95-401f-9666-d2616eb43eb8', 'Users', 'Users', NULL, '/api/users/findAll', 'GET');
INSERT INTO `permissions` VALUES ('869cbad6-a276-4de7-85a5-244fe8d8df2d', 'Categories', 'Categories', 'edit', '/api/categories/update/:categoryId', 'PUT');
INSERT INTO `permissions` VALUES ('8b336350-9ed7-4eee-94b1-d335b33fff2a', 'Authorization', 'Permissions', 'delete', '/api/authorization/permissions/delete/:permId', 'DELETE');
INSERT INTO `permissions` VALUES ('8d14368f-3899-4d54-9948-fda03a4e2f87', 'Authorization', 'Roles', 'edit', '/api/authorization/roles/update/:roleId', 'PUT');
INSERT INTO `permissions` VALUES ('9951e57b-b2a7-4ab3-8443-4649add1e079', 'Modules', 'Modules', 'delete', '/api/modules/delete/:moduleId', 'DELETE');
INSERT INTO `permissions` VALUES ('9d5c898a-25bd-47c9-b3de-c9f67a357ecb', 'Categories', 'Categories', 'list', '/api/categories/findAllByPaging', 'GET');
INSERT INTO `permissions` VALUES ('9f0e7359-021e-4853-b577-7a1b174794e9', 'Authorization', 'Permissions', 'create', '/api/authorization/permissions/copy/:permId', 'POST');
INSERT INTO `permissions` VALUES ('a0c1c61d-8591-4bfb-a467-2407da6001ac', 'Authentication', 'FailedLogins', 'list', '/api/authentication/failedLogins/findAllByPaging', 'GET');
INSERT INTO `permissions` VALUES ('a7b0b4a2-4504-46d8-88c8-0a4c49f23b07', 'Users', 'Users', NULL, '/api/users/findOneById/:userId', 'GET');
INSERT INTO `permissions` VALUES ('a8b787bc-0652-4b13-b24c-7cc9ed565b13', 'Users', 'Roles', 'list', '/api/users/roles/findAll', 'GET');
INSERT INTO `permissions` VALUES ('ad138dd4-4694-4494-a5f7-efcbc7610163', 'Authorization', 'UserRoles', 'edit', '/api/authorization/userRoles/unassign', 'PUT');
INSERT INTO `permissions` VALUES ('ae28c04b-07b7-486d-b782-6b5c0e93ab01', 'Users', 'Users', 'edit', '/api/users/update/:userId', 'PUT');
INSERT INTO `permissions` VALUES ('bf077931-9467-434e-afe8-8cb531187280', 'Authorization', 'Permissions', 'create', '/api/authorization/permissions/create', 'POST');
INSERT INTO `permissions` VALUES ('c99e90cd-0403-4a4e-aa8c-b6d21dc38e96', 'Users', 'Users', 'create', '/api/users/create', 'POST');
INSERT INTO `permissions` VALUES ('e1fcfe44-67d4-4818-92ac-8a3303f8658c', 'Authentication', 'FailedLogins', 'delete', '/api/authentication/failedLogins/delete/:loginId', 'DELETE');
INSERT INTO `permissions` VALUES ('e55d7246-7d38-4c6c-b347-0754bb88a06c', 'Authorization', 'Roles', 'delete', '/api/authorization/roles/delete/:roleId', 'DELETE');
INSERT INTO `permissions` VALUES ('e7a2a41b-dec3-48bb-911d-d8adab449105', 'Authorization', 'Permissions', 'edit', '/api/authorization/permissions/update/:permId', 'PUT');
INSERT INTO `permissions` VALUES ('ee3c41ff-aa4b-48de-86cd-bf1590bbc275', 'Users', 'My Account', 'edit', '/api/users/myAccount/update', 'PUT');
INSERT INTO `permissions` VALUES ('f03cb2aa-1a5c-495b-aa05-2809da2f2bbe', 'Authorization', 'Permissions', NULL, '/api/authorization/permissions/findOneById', 'GET');
INSERT INTO `permissions` VALUES ('f0bfa5b4-2ee8-46e3-8379-5604a1db4d86', 'Categories', 'Categories', 'list', '/api/categories/findAll', 'GET');
INSERT INTO `permissions` VALUES ('f7ff6d01-a40c-4cbf-9501-840153120764', 'Users', 'My Account', 'edit', '/api/users/myAccount/updatePassword', 'PUT');

-- ----------------------------
-- Table structure for rolePermissions
-- ----------------------------
DROP TABLE IF EXISTS `rolePermissions`;
CREATE TABLE `rolePermissions`  (
  `roleId` char(36) CHARACTER SET utf8mb4 COLLATE utf8mb4_general_ci NOT NULL,
  `permId` char(36) CHARACTER SET utf8mb4 COLLATE utf8mb4_general_ci NOT NULL,
  PRIMARY KEY (`roleId`, `permId`) USING BTREE
) ENGINE = InnoDB CHARACTER SET = utf8mb4 COLLATE = utf8mb4_general_ci ROW_FORMAT = DYNAMIC;

-- ----------------------------
-- Records of rolePermissions
-- ----------------------------
INSERT INTO `rolePermissions` VALUES ('6be6178d-fe99-47b6-90d5-2a0c4d25b6dc', '05e6c960-6e20-4b69-8bde-87340388f072');
INSERT INTO `rolePermissions` VALUES ('6be6178d-fe99-47b6-90d5-2a0c4d25b6dc', '0aad9252-395d-4c18-a6b0-90a7625cf423');
INSERT INTO `rolePermissions` VALUES ('6be6178d-fe99-47b6-90d5-2a0c4d25b6dc', '10e5a2e3-9c81-44a5-8c4f-4522ef11df5b');
INSERT INTO `rolePermissions` VALUES ('6be6178d-fe99-47b6-90d5-2a0c4d25b6dc', '119a2ce9-c938-4a59-8ee2-72bf4bead996');
INSERT INTO `rolePermissions` VALUES ('6be6178d-fe99-47b6-90d5-2a0c4d25b6dc', '1fafaa3f-f28c-429f-8dcc-dcc5bac7bc02');
INSERT INTO `rolePermissions` VALUES ('6be6178d-fe99-47b6-90d5-2a0c4d25b6dc', '20ac4874-a820-4767-badc-be5b94d196ae');
INSERT INTO `rolePermissions` VALUES ('6be6178d-fe99-47b6-90d5-2a0c4d25b6dc', '2d059610-9351-4d1e-b2e2-035bdc353b64');
INSERT INTO `rolePermissions` VALUES ('6be6178d-fe99-47b6-90d5-2a0c4d25b6dc', '2ecb0afa-5802-4a81-92c9-72c311d9fec4');
INSERT INTO `rolePermissions` VALUES ('6be6178d-fe99-47b6-90d5-2a0c4d25b6dc', '383390d1-6d27-40da-949e-048426c6bd83');
INSERT INTO `rolePermissions` VALUES ('6be6178d-fe99-47b6-90d5-2a0c4d25b6dc', '4489a158-8d19-4100-adaa-e1de137fc4b3');
INSERT INTO `rolePermissions` VALUES ('6be6178d-fe99-47b6-90d5-2a0c4d25b6dc', '496ef5b5-e39d-4ece-baab-82fe18b632c3');
INSERT INTO `rolePermissions` VALUES ('6be6178d-fe99-47b6-90d5-2a0c4d25b6dc', '4aeaefad-a4bd-4273-9d92-7908471f95b4');
INSERT INTO `rolePermissions` VALUES ('6be6178d-fe99-47b6-90d5-2a0c4d25b6dc', '5401297e-a971-4df2-a550-7cde1455a3e4');
INSERT INTO `rolePermissions` VALUES ('6be6178d-fe99-47b6-90d5-2a0c4d25b6dc', '56075480-5a2a-4597-988b-76fe53eb7eae');
INSERT INTO `rolePermissions` VALUES ('6be6178d-fe99-47b6-90d5-2a0c4d25b6dc', '5a210c0f-3034-4aa8-a592-dd002cdd4c04');
INSERT INTO `rolePermissions` VALUES ('6be6178d-fe99-47b6-90d5-2a0c4d25b6dc', '6566781a-267e-46d6-91c7-d92d46c9d501');
INSERT INTO `rolePermissions` VALUES ('6be6178d-fe99-47b6-90d5-2a0c4d25b6dc', '65d2b3ea-f392-4992-b2ef-729d2af8356f');
INSERT INTO `rolePermissions` VALUES ('6be6178d-fe99-47b6-90d5-2a0c4d25b6dc', '6cb2bea6-2e6f-4135-86e5-e6249779c49a');
INSERT INTO `rolePermissions` VALUES ('6be6178d-fe99-47b6-90d5-2a0c4d25b6dc', '7f7320be-7882-4ae4-bdd1-1a577b9fecf8');
INSERT INTO `rolePermissions` VALUES ('6be6178d-fe99-47b6-90d5-2a0c4d25b6dc', '81a4e936-0ca9-46c0-a4c2-f757ffa9a705');
INSERT INTO `rolePermissions` VALUES ('6be6178d-fe99-47b6-90d5-2a0c4d25b6dc', '861aa1d3-fd95-401f-9666-d2616eb43eb8');
INSERT INTO `rolePermissions` VALUES ('6be6178d-fe99-47b6-90d5-2a0c4d25b6dc', '869cbad6-a276-4de7-85a5-244fe8d8df2d');
INSERT INTO `rolePermissions` VALUES ('6be6178d-fe99-47b6-90d5-2a0c4d25b6dc', '8b336350-9ed7-4eee-94b1-d335b33fff2a');
INSERT INTO `rolePermissions` VALUES ('6be6178d-fe99-47b6-90d5-2a0c4d25b6dc', '8d14368f-3899-4d54-9948-fda03a4e2f87');
INSERT INTO `rolePermissions` VALUES ('6be6178d-fe99-47b6-90d5-2a0c4d25b6dc', '9951e57b-b2a7-4ab3-8443-4649add1e079');
INSERT INTO `rolePermissions` VALUES ('6be6178d-fe99-47b6-90d5-2a0c4d25b6dc', '9d5c898a-25bd-47c9-b3de-c9f67a357ecb');
INSERT INTO `rolePermissions` VALUES ('6be6178d-fe99-47b6-90d5-2a0c4d25b6dc', '9f0e7359-021e-4853-b577-7a1b174794e9');
INSERT INTO `rolePermissions` VALUES ('6be6178d-fe99-47b6-90d5-2a0c4d25b6dc', 'a0c1c61d-8591-4bfb-a467-2407da6001ac');
INSERT INTO `rolePermissions` VALUES ('6be6178d-fe99-47b6-90d5-2a0c4d25b6dc', 'a7b0b4a2-4504-46d8-88c8-0a4c49f23b07');
INSERT INTO `rolePermissions` VALUES ('6be6178d-fe99-47b6-90d5-2a0c4d25b6dc', 'a8b787bc-0652-4b13-b24c-7cc9ed565b13');
INSERT INTO `rolePermissions` VALUES ('6be6178d-fe99-47b6-90d5-2a0c4d25b6dc', 'ad138dd4-4694-4494-a5f7-efcbc7610163');
INSERT INTO `rolePermissions` VALUES ('6be6178d-fe99-47b6-90d5-2a0c4d25b6dc', 'ae28c04b-07b7-486d-b782-6b5c0e93ab01');
INSERT INTO `rolePermissions` VALUES ('6be6178d-fe99-47b6-90d5-2a0c4d25b6dc', 'bf077931-9467-434e-afe8-8cb531187280');
INSERT INTO `rolePermissions` VALUES ('6be6178d-fe99-47b6-90d5-2a0c4d25b6dc', 'c99e90cd-0403-4a4e-aa8c-b6d21dc38e96');
INSERT INTO `rolePermissions` VALUES ('6be6178d-fe99-47b6-90d5-2a0c4d25b6dc', 'e1fcfe44-67d4-4818-92ac-8a3303f8658c');
INSERT INTO `rolePermissions` VALUES ('6be6178d-fe99-47b6-90d5-2a0c4d25b6dc', 'e55d7246-7d38-4c6c-b347-0754bb88a06c');
INSERT INTO `rolePermissions` VALUES ('6be6178d-fe99-47b6-90d5-2a0c4d25b6dc', 'e7a2a41b-dec3-48bb-911d-d8adab449105');
INSERT INTO `rolePermissions` VALUES ('6be6178d-fe99-47b6-90d5-2a0c4d25b6dc', 'ee3c41ff-aa4b-48de-86cd-bf1590bbc275');
INSERT INTO `rolePermissions` VALUES ('6be6178d-fe99-47b6-90d5-2a0c4d25b6dc', 'f03cb2aa-1a5c-495b-aa05-2809da2f2bbe');
INSERT INTO `rolePermissions` VALUES ('6be6178d-fe99-47b6-90d5-2a0c4d25b6dc', 'f0bfa5b4-2ee8-46e3-8379-5604a1db4d86');
INSERT INTO `rolePermissions` VALUES ('6be6178d-fe99-47b6-90d5-2a0c4d25b6dc', 'f7ff6d01-a40c-4cbf-9501-840153120764');
INSERT INTO `rolePermissions` VALUES ('9d548023-899f-461e-bd45-c925a66499ee', '0aad9252-395d-4c18-a6b0-90a7625cf423');
INSERT INTO `rolePermissions` VALUES ('9d548023-899f-461e-bd45-c925a66499ee', '383390d1-6d27-40da-949e-048426c6bd83');
INSERT INTO `rolePermissions` VALUES ('9d548023-899f-461e-bd45-c925a66499ee', 'a0c1c61d-8591-4bfb-a467-2407da6001ac');
INSERT INTO `rolePermissions` VALUES ('9d548023-899f-461e-bd45-c925a66499ee', 'e1fcfe44-67d4-4818-92ac-8a3303f8658c');

-- ----------------------------
-- Table structure for roles
-- ----------------------------
DROP TABLE IF EXISTS `roles`;
CREATE TABLE `roles`  (
  `id` char(36) CHARACTER SET utf8mb4 COLLATE utf8mb4_general_ci NOT NULL,
  `key` varchar(60) CHARACTER SET utf8mb4 COLLATE utf8mb4_general_ci NULL DEFAULT NULL,
  `name` varchar(100) CHARACTER SET utf8mb4 COLLATE utf8mb4_general_ci NULL DEFAULT NULL,
  `level` tinyint(1) NULL DEFAULT NULL,
  PRIMARY KEY (`id`) USING BTREE
) ENGINE = InnoDB CHARACTER SET = utf8mb4 COLLATE = utf8mb4_general_ci ROW_FORMAT = DYNAMIC;

-- ----------------------------
-- Records of roles
-- ----------------------------
INSERT INTO `roles` VALUES ('6be6178d-fe99-47b6-90d5-2a0c4d25b6dc', 'admin', 'Admin', 1);
INSERT INTO `roles` VALUES ('c87e615c-dd9c-4ecd-bcd7-de38dac2f39f', 'user', 'User', 0);

-- ----------------------------
-- Table structure for userAvatars
-- ----------------------------
DROP TABLE IF EXISTS `userAvatars`;
CREATE TABLE `userAvatars`  (
  `userId` char(36) CHARACTER SET utf8mb4 COLLATE utf8mb4_general_ci NOT NULL,
  `mimeType` varchar(60) CHARACTER SET utf8mb4 COLLATE utf8mb4_general_ci NULL DEFAULT NULL,
  `avatarImage` mediumblob NULL,
  PRIMARY KEY (`userId`) USING BTREE
) ENGINE = InnoDB CHARACTER SET = utf8mb4 COLLATE = utf8mb4_general_ci ROW_FORMAT = DYNAMIC;

-- ----------------------------
-- Records of userAvatars
-- ----------------------------
INSERT INTO `userAvatars` VALUES ('c13e550a-60ee-48d5-bf6e-ed29310640b2', 'image/jpeg', 0xFFD8FFE000104A46494600010100000100010000FFE201D84943435F50524F46494C45000101000001C800000000043000006D6E74725247422058595A2007E00001000100000000000061637370000000000000000000000000000000000000000000000000000000010000F6D6000100000000D32D0000000000000000000000000000000000000000000000000000000000000000000000000000000000000000000000000000000964657363000000F0000000247258595A00000114000000146758595A00000128000000146258595A0000013C00000014777470740000015000000014725452430000016400000028675452430000016400000028625452430000016400000028637072740000018C0000003C6D6C756300000000000000010000000C656E5553000000080000001C007300520047004258595A200000000000006FA2000038F50000039058595A2000000000000062990000B785000018DA58595A2000000000000024A000000F840000B6CF58595A20000000000000F6D6000100000000D32D706172610000000000040000000266660000F2A700000D59000013D000000A5B00000000000000006D6C756300000000000000010000000C656E5553000000200000001C0047006F006F0067006C006500200049006E0063002E00200032003000310036FFDB004300030202020202030202020303030304060404040404080606050609080A0A090809090A0C0F0C0A0B0E0B09090D110D0E0F101011100A0C12131210130F101010FFDB00430103030304030408040408100B090B1010101010101010101010101010101010101010101010101010101010101010101010101010101010101010101010101010FFC000110800F600F603012200021101031101FFC4001D000100010403010000000000000000000000080506070901030402FFC40050100001030203050404070D05050900000001000203040506071112213141510813226114327191092342525681A1151617366275829395B1B3C1D22433727374376392A2B22538435354C2D1E1F0FFC400190101000301010000000000000000000000000102030405FFC4002411010100020202030002030100000000000001021103311221044151136122323371FFDA000C03010002110311003F00D5522220222202222026A55630CE14C478D6F34F87709D92B2EB74AB76CC54B4B117BDDD4EEE0073274006F254EAC88F83828E9D94F88F3D2E3E9131D246D868252236F3D26986F71EAD668011EB382992DE8428C0395D9819A374167C0384EE179A8D4079823F8B8B5E6F90E8C67E910A616567C19971A96C371CDFC62DA469D1CEB6D9B47BFAE8E99E341D080D3CF477353B70CE14C33832D30D8B09D8A86D36FA76ECC74F490B63601EC1C4F9AAB2D261276AED8BB2F3B31E46E5808A5C2D97D6DF4C8B422BAB19E9553AF32249352353BF41A059418D646C11C6C6B1A3835A341EE0B945740888808888088880BA2B68686E503E96E34705543234B5D1CD187B483C410577A20C0998FD88BB3DE62B659FEF4861DAF935D2AEC8E14C413C498F431B893BF52D25446CD8F839734F08B66B9E5D5CE97175033577A36EA7AD68E81AE3B0FD0730E07A356CD1156E32A76D0FDEEC17AC35719ACF886D1596CAFA73B32D355C2E8A461F36B802A9EB77399F92D9679C36A75AB1FE15A4B8E8D222A9D9D8A8809E71CADD1CDF7EFE6A0067E7C1F38E70036A3126564B3E2BB1B357BA8F63FED0A76F935BBA603AB7477E49E2A970B13B44545DB3452D3CAF82A23747246E2C7B1E08735C0E84107810BA9512222202222022220222202222013AACD3D9E7B2D660F681BA096D74E6D98729E50CADBCD430F76DEAC89BFF008AFF0021B873237037F7648EC6773CE8A8871CE3E8EA6DD82A17EB1B06AC9AE8E07D58CF16C7AF17F13C1BBF78D9C61FC3D63C2966A4C3D86ED74D6EB6D0C621A7A6A78C3238D8390015F1C77EEA2D597935909971917626D9F04D99ADA891A3D2EE55003EAEA9DD5EFD387468D1A35DC1645445AAA22220222202222022220222202222022220222208EFDA3BB1965F67853CF7DB445161EC5C184C770A78C08AA9DC9B50C1EB74DB1E21BB790345AC7CCDCAAC7194189E6C278F2CAFA0AD8F5744FF005A1A88F94913F83DA7DE38100EE5BC0562E7064BE03CEFC2B2E15C736B13337BA96AE2D1B51472E9BA489FC8F51C08DC410A9963B4CAD24A2CADDA07B3D633ECFD8A9D65C4109AAB654B9CEB65D626110D5C6397E4C83E5309DDCB51BD629592C22220222202222013AA94FD8CFB244D9CF73663DC714D24382ADD368C8CEAD75D2669DF1B7FDDB4EE73B99F08DFAE960F65BECF375ED0798115AE66CD4F872D85B5179AD60D3663D7C30B0FCF7E840E8353C803B76C3D87ECD856C94386F0FDBE1A1B6DBA06D3D353C2DD96471B468000AF8E3BF7516BD54343476CA382DD6EA58A9A969A36C50C31303591B1A340D681B800177A22D551111011178EE579B3D999DEDDEED4542C2350EA9A864408F2DA21053319E36B0603B43AF17FA92C693B10C2C00CB3BFE6B07EF3C07D6358E7897B4863CBBCEE164753D9A975F0B238DB249A7E53DC38FB00544CE8C752637C6953253D5096D96F26968434EAC2D07C520EA5C77EBD364720AC25D9C7C524DDEDAE38CFB5E6ECE4CCE71D4E32B80F63C00B8FC31666FD33B8FEB159A8B4F0C7F17D45E5F862CCDFA6771FD627E18B337E99DC7F58ACD44F0C7F0D45E5F862CCDFA6771FD627E18B337E99DC7F58ACD44F0C7F0D45E5F862CCDFA6771FD62F65267B66A5196EC6297C81BCA6822935F6ED34AB0514F863F88F18CE1873B51DFA94B62C5162A5AF8F9CB4CE30C9ED237B4FB000B36E0ECC5C258EA9FBCB0DD18E9C0D5F4B290C9D9FA1AEF1BB88D42844BBA8AB6AEDD571575054C94F5103C491CB1B8B5CD703A82085965C18DEBD22E12F49FA8B11E4D675B31A918731298E1BD31A4C328D1ACAB038803835E072E7BF869BF2E2E5CB1B8DD5656684445542D4CCCCB3C239B783EB705633B6B6AE82B1BE1770920907AB2C6EF92F69E07EA3B96A27B40E43E28C80C732E15BFB4D450D4074F6AB8B5BA475906BC7C9EDD4073791D39104EE85639CF7C93C2F9EF80EAB076228DB14E019ADD5CD603251D480765EDEA39387304855CB1DA65695515C58FB02E23CB5C5D72C138AE85D4B72B64C6195A7D570F92F61E6D70D083D0AB7562B088880AB18530C5EB1A623B6E13C3B486AAE776A9652D344DF94F71D379E40712780009E4A8EB605F070644329E8EAF3D311D1033546DD0585B237D58C1D269C03CC91B00F1003B9394C9BBA12A721326AC59179716EC1367635F50D68A8B955E9A3AAAADC06DC87CB700D1C9A005915116EA088880BE259628227CF3CAC8A38DA5CF7BDC1AD681C4927700BED47BED21993377FF83EB3CE58C606CB72918E20B891AB61DDC8021C7CF4E8AD86373BA8993774EBCCBED1B56F9E6B2E5FB8430B1C58FB93DBABE4D38F74D3B9ADFCA2353CB45832BAE15D73A992B6E5593D5544A757CB3485EE71EA49DE579D1776384C26A36924E844457488888088880888808888088883BA92AEA682AA2ADA29DF0CF03C491C8C3A39AE1C082A676566388F1EE0FA5BBBDEDF4D8BFB3D73069BA668DEED39070D1C3DA47250AD661ECCB8885BB19D4586691C22BB533846DDAF0F7B1F8C13FA21E3EB58F363E58EFF0015CE6E2512222E262222208A7DBC7B393334304BB31F0BD007E28C31039D23631E2ADA16EAE7C7A712E66F737F480F596AED6FBDCD6BDA58F68735C3420F0216A63B6CE448C99CD89EBACD49DDE1BC51B770B7EC8F0C3213F1D0741B2E3A81C9AE007059E73ED688EE888B34AEACADC0375CD1CC1B1602B3B5DE9179AC6405E06BDD47C6493F4581CEFA96EC30A619B4E0DC336BC2962A66D3D05A6963A4A78DA370631A00FAF72825F06665636AAE1887382E34C0B691BF71ADAE70F96E0D7CCF1AF41DDB411D5C3AAD81AD709A9B568888AE81111074D655D3DBE927AFAB76CC14B13E694F4634124FB81503AF373A9BCDDAB2ED59217CF593BE791C4EBAB9CE24FEF535731267C180B114919D1DF72EA46BED8C8FE6A0F0E0BABE3CEEB5C04445D2B88877715C6D37E70F7A81CA2E369BF387BD369BF387BD0728B8DA6FCE1EF4DA6FCE1EF41CA2E369BF387BD369BF387BD0728B8DA6FCE1EF4DA6FCE1EF41CA2E0107810B9520AE9CADACF41CC6C393976C8372818E3D1AE7869FB0AB5957303FE3AD83F39537F11AAB9754A9CE8878A2F39CE222202C2DDAE726E3CE7C98BB59E9298497AB4B4DCED2E03C5DFC609318FF001B769BF5EBC96695C680EE20107883CD2CD8D08B9AE638B5C0820E841E3AA2CE3DB2B2B0655E7C5F6828E9BBAB65E9DF766800F5432624BDA390D240F00721B28B1F15DB2CECC797632BF23309E15929FBAAC144DACAE046FF00499BE32404F3D0B881E402CA4B86B191B1B1C6346B006B4790DC172B65044440444416D6657FB3DC45F9B6A3FE82A108E0A6F6657FB3DC45F9B6A3FE82A108E0BAFE3F55AE02935D9B7B19DDF3628E9B1B63AABA8B36179B492962840155706EBEB349D44719F9C412E1C000439587D95F29A9F38337ADD63BAC225B35B2375D2E6C70F0CB0C6E68111FF1BDCC691F376F4E0B6AD053C34B0329A9E36C5144D0C6318346B5A06800038054F91CD70FF1C7B4E574C7584FB3864760AA56D35932D6C8E734EBDFD6D30AB9C9FF00366DA77D40E9E4AEC197F811A035B832C6001A002DF16EFF00955C08B82E56FBB54507EF0B037D0DB27ECF8BFA53EF0B037D0DB27ECF8BFA55791374507EF0B037D0DB27ECF8BFA53EF0B037D0DB27ECF8BFA55791374507EF0B037D0DB27ECF8BFA53EF0B037D0DB27ECF8BFA55791374507EF0B037D0DB27ECF8BFA53EF0B037D0DB27ECF8BFA557913745937DC99CA6C4D4D252DF32DB0DD53241A173EDB107B7769AB5E1A1CD3A13BC1042861DA6FB163300DAEAF3032B1F535366A5065B85AE67F792D247CE489DC5F1B79876AE1C752386C15754B1453C6F8A5607B1ED2D735C35041E20ABF1F2E5C7772A65D3492AB981FF001D6C1F9CA9BF88D572E7F601A6CB1CE2C5183681A1B434759DED1B470653CCD6CB1B389F55AF0DDFBFC3AAB6B03FE3AD83F39537F11ABD5DF963B8D3E939CF1443C5179CE71111011110449F8413242F59A18730B620C256EF4ABC5AEB64A378034D69A58CBC92403AE8F8DBA7F88A29672D2D35637BAAA6EAC07687B7FF00C4A28B254EDF6888A502222022220A1E3AA535D826FF0048DD36A4B65486EBD7BA711F6A831A69B96C0258A39E27C13376A391A58F1D5A468428298AEC53E19C4972B0546D6DD0D4BE1048D369A0F85DF58D0FD6BA7E3DEE34C132BE0DAB6C5DC63CBB9634CAF7DBE99AE206AD6B44CE201E235DA1AFB0745371431F8367F17F1BFF00ADA3FE1BD4CE5C9CFF00F4A65D8888B1408888088880888808888088883585DB958D1DA2EF440036A8A889F33DC8589B2D290D766161CA60350EB9D3976FD3C21E0BBEC05659EDCDFF0078BBCFFA2A2FE0856AF672C36EBCE6032E9231DDC59E175493AEEEF0F8583ED27F457A98DD714BFD34EB14AF4445C6C044440444404444044440444404444051EBB4BE5FB993479836D8496C9B14F710DE4E1BA390F911A34F986F5521579EBE828AE94735BAE34D1D4535430C72C520D5AF69E20857C32F0BB4CBABB787E0D9FC5FC6FF00EB68FF0086F53378051B7B1E65B3B2E9D8D61A694496DAFACA69A8C93AB98031FAB1DECD46FE634F3524D61CD665C96C5EDDDD8888B3408888088880888808888088883587DB946BDA2EF007FE8A8BF821640C90C00303E1064B591E973BB06D4D56A37C6DD3C11FE88249F371E8AF5CE3CA6A5BAF689B9E3FBF6C4D0434F48286974043A46C40191FE40F01D46A7701AFBD767F26F098C32CBD6844459A822220222202222022220222202222022220CBF90B30305E69F5DED7C2FD3DA1C3F92CB2B06E475C053E25AAB7B9DA0ABA52479B98E040F7177B967258E5DAD0444554888880888808888088880888823C66E4C25C775CD075EE990B0FEAC1FE6ACE558C6370174C5575AE69D5B2553C34F56B4EC83EE0151D6F3A504445208888088880888808BA286B60B950D3DC69646C90D544C9A3734EA0B5C01041FAD77A0222202222022220AAE15BC1B0622B7DDF52194F30327F967C2EFF0094952818F6C8C6C8C70735C01041DC42894B3E651E276DF30F32DB5126B596C02270277BA2F90EF76EFABCD679CFB4C5F8888B35844440444404444044440544C637B6E1EC355F740E0248E22D8BCE476E6FDA42ADAC2B9D58A1B595D0E19A49358E8CF7B53A1DC6523C2DFA8127F4874538CDD45631DFCCEA888B754444404444044440454BC4389AD38568D95F78AA8E08649442D2F786EAE209D37F934A20C33D88B31DB98BD9F2C3DFCFDE57E1D06C95635D483081DD927993118C9F32B3D2D657C1CB9B0CC239A55997573A9D8A0C5D07F66DA3B9B5B102E68E83699B635EAD685B3555C6EE268888AC8111101111015630A624ABC297B82ED4BAB9AD3B33460E8258CF16FF0031E602A3A2095368BB50DF2DF05CEDD30929EA1BB4D3CC75047220EE217BD60ACA4C47556696B2091EF928498CBA2D7D571D75737CF70D7AACDD49574F5D0B6A29656C91BB810B1CB1D2D2EDDE888AA9111101111011179E6A964723201E2964DED68E9CC9E8105BF8F318D3610B43A7243EB670594B16BC5DF38FE48E27EA1CD473A8A89EAE792AAA6574B34CF2F91EE3A97389D492AE2CC7ACACABC657265654BA514F29862D7831838340E5C55B2B6C66A2B6EC4445640888808888088BAAAEAA9E86966ADAC95B1414F1BA595EE3A06B5A35249F604104BE133CD09E924C2996168AD7C53B0BEF55A63716BDA3474508DDBF43ACBFF084511BB40E664D9BF9BB88F1C995CEA5ABAB74540D3F26923F045BB96AD01C475714595CBDAD165582F772C357BA0C4367A9753D75B2A63ABA695BC59231C1CD3EF016EA725B33ED59C396763C7F6A7B47DD1A71E931076A60A86F8658CFB1C0FB78AD232977F07D67E0C018E24CACC4759B163C572B7D0DEF3E1A7B86E6B47909068D3F9419D4A61754AD9AA222D551111011110110EE1A9E0BCB5974B6DBD864AEB85353B07174B2B5A3ED2895EB8174D2BFAFC57FEF57BDB2EF5D699BBDA4974693ABE33BDAFF006856465D55DB6E56796E36DAB82AA39672C12C2F0F6B8340E60E9C49575259FA8BDB215AB18DB2BC363A97FA2CC7768F3E127C9DFF00CAAFB5CD780E6B8107810561E5E9A4B9DC284FF64AC9621D1AEDDEEE0A978FF0997EB2D22C751635BF460074B0C9A737C7C7DDA2ED38F2F446822A41E62377F52AF854F946405D351534F4B199AA66646C6EF25C740B1E54630BF4E36455B621FEED807DA755E4A4A5BA5FEAC46D7C93BF8B9F23890C1D493C13C3F4F2FC5DB558B1D5738B7E1FA73513BCE9DEB868C6F9FF00F7C1562DB6FF00418C99A574F532686599DBCB8F41D00E4175D96C94B66A7114236A570F8C948DEE3FC8792A97155B675133FB46DCC98BB9C7377669C666BBDEC69FE6ADA57667B57D9AC38DBBCBA5D69690D7D3472B04F3363DA201690353BF7342B3A1A9A6A88DB2D3D447231DBDAE638107DCB69D2AED4445208888088880A2DFC2019D4DCBBCA77607B4D5EC5EB196D5268D778A2A21FDF3FCB6810C1FE2279292F7BBCDB30E59EBAFF7AAB8E9682DD4F25554CF21D1B1C4C69739C4F900569ABB446715CB3CF346EB8DAA4BD9425FE8D6BA771FEE28D8488C69C8BB7BDDE6E3C8055CEEA26318A222C56176C32CB4F2B27A791D1C91B83D8F6121CD703A8208E042EA441B69EC67DA369F3C32F9969BED5C631761E8D94F708C9D1D55101A32A5A39ED69A3B4E0E077004290EB47F95599B89F2831CDBB1E612A9EEEB681FE38DC7E2EA213EBC4F1CDAE1EE3A11BC05B68C1BDA4B2F71A652C19AD6DAB02278EE25B7978F488AB001B54E4751AEBAF0D9F1705B617CBD7DAB6327DC2E3416AA492BEE75B0525344357CB33C318D1E64EE589B12769AC1D6B95F4F61A0ABBC48C3A778348613EC73BC47EA6E9E6B0363CCC5C479837235978A92CA66389A6A361F8A80790E6EEAE3BFD8372B5D76E1C127FB34987EB365CBB53E279C385A70D5B6909E06795F3E9EED856CDC7B40E68DC368477B8689AE3C29A9583EAD5E1C7ED58E516938F09F4B78C57EBF1FE38BA6A2BB175DE46B868582ADED691E6D6903EC5429647CF2BA69DEE92479D5CF79DA713E64EF2BE515E493A4B3FF00633C553DAB322AB0BC956E6D25EA86473602EF0BAA22D1CD701D7BB12F4DC3C829B2B58781F1657E05C5F69C5D6DD4CF6CA96CDB034F8C8F7B648F7F0DA617375E5B4B65F64BC50620B451DF2D7389A92BE065442F1CDAE1A8FAD7273E3ACB6C7927BDBDA888B06622F4D0DB6BAE52F75454EF90F3206E1ED3C02BC6CB82A9E98B6A2E6E6CF28DE231EA34F9F5FDDED519652264DADFB1E19ACBBB84B26B0D303BE4237BBC9A39FB55FF00416EA4B64029A8E20C60E279B8F527995E8680D01AD0001B801C97D2CAE5725E4D0B83A0049E5BD72B0DF6A8CDAFC11E50DD2E7415422BCDD07DCCB500ED1C269010E906FD7C0CDA7EBD437AA8C71B95D44B5B99D18DE7CC6CD3C4D8B65AC9AAA0ADB8CE289D2BB52CA46BC881806A400181BB86ED49EAAD2A3AEADB7BFBDB7D6D452BFE7432BA33EF690BA0000683922F631C649A6ABA2DF9A39896B23D0F195D0068000966EF8003C9FA8573DBBB46E66D0B81A8ACA0AF1CC545281AFEACB563044B8637B88D4676B7F6AABAC600BA611A598E9BDD0553A3DFAF42D3FBD642C239FF0080F13BE3A4AAA992D159210D11566818E71F9B20F0FBF43E4A23A2CEF0E151708D8135CD700E69041DE08E6B9513B29B3AEED82AA61B35EE596B6C723C3487B8BA4A5079B09F93CCB7871D3455DED73DABED39338322B5E0EAFA7ADC5988A98BEDDB043DB494EEDDE94F1EF0C078B81E4D2B97930BC7DB3B8D8C25F085F6948EB653911832E01F0C2E6CB886A617EE2F1BD94A08E9B9CFF3D91F382820BD159555370AB9ABAB6A1F3D45448E9669647173E47B8EAE7389DE492492579D72DBBBB4C111140222202BCF2D731AE197F77EFDAC7545BAA086D5D303BC8F9ECD78387B8F03C88B3114CB71BB8270596F56CC436C82F167AB654D254B7699237ED0471041DC41DE0AF6A88797D9937AC0170EF68CFA4504CE06A68DEED18FE5B4D3F25DA73F66BAA94B85B1658B195AD977B055F7B1103BC8DE0096077CC91BA9D0FD8788246857A5C3CF3926AF6D25DAAE888BA1222220290BD98B3FA9F034EDC078CAADCCB1D5CBAD1553DDE0A095C7787748DC4EA4F069D49DC4911E91572C665355166E6AB6E943842ED5D1B26688638A468735E64041046A08D9D557A8302D0404495D33EA1C37EC8F0B7D9D4FD8B5CD913DAFF3072744163BA19312619600C6D054CDA4B4AD0341DC48412001A780EADDDA0D9D49537F2E3B57E49664C30B28317D3DAAE12E80DBAECE14D38713A0682E3B0F3C0F81CEE2BCEE5E3E4C3FF19F86997A0A78296210D3C4C8D8DE0D68D02ED5D71CD14C36A2958F1D5AE057DEA3AAE701EC5CAF0DCEF369B2D33EB2EF72A5A28231B4F92A266C6D68EA492A3EE6BF6E4CA5C05DE5BB0BCCEC5F7568DCCB7C805231DF9751BDBD7D40F20E9A80A71C32CEEB186B6CE38D71A61BCBDC375B8B716DD62B7DB2819B72CD21E24EE6B1A38B9CE3A00D1BC92005AB4ED0F9E377CF5C772E20984D4D66A269A6B4503DFA8821F94F70E1DE3C8D5C4720D6EF0D0553F37F3D730B3AEEE2E18CAEC7D0E17ED51DB29B565252EE2016B35F13F42757BB5778881A0DC31F2F478383F8FDDEDA49A111174A44444044563E656695AB2FE8CC2C11D65E661F1147B5B983FF0032423D56F41C5C770DDA915CB3984DE474A866063FB4600B39AEAD709AAE605B4948D768F99FFC9A39BBF7920289B887105CF14DDEA2F578A8EFAA6A0EA4F06B4726B472006E017D620C4577C51759AF17BAB754544DC49F55ADE4D68E4D1D3F9AA52F339B9AF2DFE99DBB111162811110111101111015670CE29BDE0FB932EF62AE74133773DBC592B79B1EDE0E69E87DA342015464532EBDC12AF2F339B0EE356C56EAF7476BBC3B46FA3C8EF8A9DDC3589E7993A780EFDFA0DAD095909412D4EBAAC9F81B3DB12E1811D05E43AF16E6EE0259089E21BFD590EBA8DFC1DAF0001685D9C5F2B5EB35E65FA93C8AD9C2998F83B19C6D166BB305411B4EA4A8F8B9D9CCF84FADA732D2479AB98820E8576639CCA6F15BB111158108046846A111056EC78E71BE178CC386B19DFAD11389263A1B94D03093C496B1C0155A933B739258440FCD6C5BB006834BC4E0FF00C41DAFDAACA455F197E87BAF17FBF62295B3E21BE5C6EB233735F5D5725439BEC2F2485E144520888A4111090D05CE2001C49E01017C4D3434F0BEA2A668E1862697C9248E0D6B1A06A492770002B0718E76E0DC281F4F4B3FDD8AE6EA3D1E95E361A7A3E4DE1BC08206A474580B1AE66E2AC73239973AE30D103AB28A9C96C4387AC38BCEE07576BA1D74D35D173F27C9C70F53DD45CB4CA798F9FF004F49DE59F01C8C9E604B25B83D9AC6CFF241F58EBF288D9DDB8381D4604A9AAA8AC9E4AAAB9E49E699C5F249238B9CF71E2493BC9F35D08BCFCF932E4BBAA5BB1111510222202222022220222202222022220FB8DEF63848C716B9A75041DE0F5590B0C67963DC3ED653CF5EDBB52B49F8BAED5EF001D4E927ADAE9B86D1701D1115B1CAE37D0CCF9799C76AC7D5EDB432D357435BB0E95E0B9B2441A0EE01DA824FE88590B4DC0F51AA22F538B2B94F6D674E11116A088880888808406805DF28ECEE44517A186B16768CA5B55454DB2C387E59AAA9DF2C0E96B1E1B1B246BB40E0D6925E371DC4B792C4B8A33331A6300F65DAF12B69642EFEC94E4C50ECEA0EC968F586E1A6D13A222F339B932BF6A5B568A222C15111101111011110111107FFD9);

-- ----------------------------
-- Table structure for userRoles
-- ----------------------------
DROP TABLE IF EXISTS `userRoles`;
CREATE TABLE `userRoles`  (
  `userId` char(36) CHARACTER SET utf8mb4 COLLATE utf8mb4_general_ci NOT NULL,
  `roleId` char(36) CHARACTER SET utf8mb4 COLLATE utf8mb4_general_ci NOT NULL,
  PRIMARY KEY (`userId`, `roleId`) USING BTREE,
  INDEX `fk_role_to_roles`(`roleId` ASC) USING BTREE,
  CONSTRAINT `fk_userRoles_to_roles` FOREIGN KEY (`roleId`) REFERENCES `roles` (`id`) ON DELETE CASCADE ON UPDATE CASCADE,
  CONSTRAINT `fk_userRoles_to_users` FOREIGN KEY (`userId`) REFERENCES `users` (`id`) ON DELETE CASCADE ON UPDATE CASCADE
) ENGINE = InnoDB CHARACTER SET = utf8mb4 COLLATE = utf8mb4_general_ci ROW_FORMAT = DYNAMIC;

-- ----------------------------
-- Records of userRoles
-- ----------------------------
INSERT INTO `userRoles` VALUES ('c13e550a-60ee-48d5-bf6e-ed29310640b2', '6be6178d-fe99-47b6-90d5-2a0c4d25b6dc');

-- ----------------------------
-- Table structure for users
-- ----------------------------
DROP TABLE IF EXISTS `users`;
CREATE TABLE `users`  (
  `id` char(36) CHARACTER SET utf8mb4 COLLATE utf8mb4_general_ci NOT NULL,
  `email` varchar(160) CHARACTER SET utf8mb4 COLLATE utf8mb4_general_ci NULL DEFAULT NULL,
  `password` varchar(255) CHARACTER SET utf8mb4 COLLATE utf8mb4_general_ci NULL DEFAULT NULL,
  `firstname` varchar(120) CHARACTER SET utf8mb4 COLLATE utf8mb4_general_ci NULL DEFAULT NULL,
  `lastname` varchar(120) CHARACTER SET utf8mb4 COLLATE utf8mb4_general_ci NULL DEFAULT NULL,
  `createdAt` datetime NULL DEFAULT NULL,
  `updatedAt` datetime NULL DEFAULT NULL,
  `active` tinyint(1) NULL DEFAULT 1,
  `emailActivation` tinyint(1) NULL DEFAULT 0,
  PRIMARY KEY (`id`) USING BTREE,
  INDEX `user_id`(`id` ASC) USING BTREE,
  INDEX `client_id`(`id` ASC) USING BTREE
) ENGINE = InnoDB CHARACTER SET = utf8mb4 COLLATE = utf8mb4_general_ci ROW_FORMAT = DYNAMIC;

-- ----------------------------
-- Records of users
-- ----------------------------
INSERT INTO `users` VALUES ('c13e550a-60ee-48d5-bf6e-ed29310640b2', 'demo@example.com', '$2y$10$kQA15ijSHJiS8anknJlGsetWk2QSnXWio.Dsh5enAI49egGPwUYQC', 'Demo', 'Admin', '2024-12-22 12:32:17', '2025-03-16 19:08:14', 1, 1);


SET FOREIGN_KEY_CHECKS = 1;
